id,label,faction
Писаренко В.В.(Взржд),Писаренко В.В.(Взржд),Взржд
Святаш Д.В.(Взржд),Святаш Д.В.(Взржд),Взржд
Парубий А.В.(Вне_Фр),Парубий А.В.(Вне_Фр),Вне_Фр
Черненко А.Н.(БПП),Черненко А.Н.(БПП),БПП
Емец Л.А.(НФ),Емец Л.А.(НФ),НФ
Шухевич Ю.Р.(РпОЛ),Шухевич Ю.Р.(РпОЛ),РпОЛ
Геращенко И.В.(Вне_Фр),Геращенко И.В.(Вне_Фр),Вне_Фр
Третьяков А.Ю.(БПП),Третьяков А.Ю.(БПП),БПП
Луценко И.С.(БПП),Луценко И.С.(БПП),БПП
Билецкий А.Е.(Вне_Фр),Билецкий А.Е.(Вне_Фр),Вне_Фр
Петренко О.Н.(БПП),Петренко О.Н.(БПП),БПП
Бурбак М.Ю.(НФ),Бурбак М.Ю.(НФ),НФ
Загорий Г.В.(БПП),Загорий Г.В.(БПП),БПП
Ляшко О.В.(РпОЛ),Ляшко О.В.(РпОЛ),РпОЛ
Рибчинский Е.Ю.(Вне_Фр),Рибчинский Е.Ю.(Вне_Фр),Вне_Фр
Гаврилюк М.В.(НФ),Гаврилюк М.В.(НФ),НФ
Суслова И.Н.(БПП),Суслова И.Н.(БПП),БПП
Шевченко А.Л.(Вне_Фр),Шевченко А.Л.(Вне_Фр),Вне_Фр
Шевченко В.Л.(Вне_Фр),Шевченко В.Л.(Вне_Фр),Вне_Фр
Чубаров Р.А.(БПП),Чубаров Р.А.(БПП),БПП
Саврасов М.В.(БПП),Саврасов М.В.(БПП),БПП
Корчинская О.А.(РпОЛ),Корчинская О.А.(РпОЛ),РпОЛ
Гузь И.В.(НФ),Гузь И.В.(НФ),НФ
Арьев В.И.(БПП),Арьев В.И.(БПП),БПП
Кираль С.И.(СмПм),Кираль С.И.(СмПм),СмПм
Гопко А.Н.(Вне_Фр),Гопко А.Н.(Вне_Фр),Вне_Фр
Вовк В.И.(РпОЛ),Вовк В.И.(РпОЛ),РпОЛ
Ионова М.Н.(БПП),Ионова М.Н.(БПП),БПП
Сотник Е.С.(СмПм),Сотник Е.С.(СмПм),СмПм
Княжицкий Н.Л.(НФ),Княжицкий Н.Л.(НФ),НФ
Сочка А.А.(НФ),Сочка А.А.(НФ),НФ
Бригинец А.М.(БПП),Бригинец А.М.(БПП),БПП
Денисенко В.И.(БПП),Денисенко В.И.(БПП),БПП
Рябчин А.М.(Бтк),Рябчин А.М.(Бтк),Бтк
Геращенко А.Ю.(НФ),Геращенко А.Ю.(НФ),НФ
Герасимов А.В.(БПП),Герасимов А.В.(БПП),БПП
Продан О.П.(БПП),Продан О.П.(БПП),БПП
Сюмар В.П.(НФ),Сюмар В.П.(НФ),НФ
Острикова Т.Г.(СмПм),Острикова Т.Г.(СмПм),СмПм
Заружко В.Л.(РпОЛ),Заружко В.Л.(РпОЛ),РпОЛ
Шкрум А.И.(Бтк),Шкрум А.И.(Бтк),Бтк
Ивченко В.Е.(Бтк),Ивченко В.Е.(Бтк),Бтк
Евтушок С.Н.(Бтк),Евтушок С.Н.(Бтк),Бтк
Берёза Б.Е.(Вне_Фр),Берёза Б.Е.(Вне_Фр),Вне_Фр
Бандуров В.В.(Вл_Нр),Бандуров В.В.(Вл_Нр),Вл_Нр
Звягильский Е.Л.(ОпБл),Звягильский Е.Л.(ОпБл),ОпБл
Пидлисецкий Л.Т.(СмПм),Пидлисецкий Л.Т.(СмПм),СмПм
Домбровский А.Г.(БПП),Домбровский А.Г.(БПП),БПП
Белькова О.В.(БПП),Белькова О.В.(БПП),БПП
Бондарь М.Л.(НФ),Бондарь М.Л.(НФ),НФ
Батенко Т.И.(Вне_Фр),Батенко Т.И.(Вне_Фр),Вне_Фр
Войцицкая В.М.(СмПм),Войцицкая В.М.(СмПм),СмПм
Лопушанский А.Я.(БПП),Лопушанский А.Я.(БПП),БПП
Ищейкин К.Е.(БПП),Ищейкин К.Е.(БПП),БПП
Молоток И.Ф.(Вл_Нр),Молоток И.Ф.(Вл_Нр),Вл_Нр
Горбунов А.В.(НФ),Горбунов А.В.(НФ),НФ
Шкварилюк В.В.(НФ),Шкварилюк В.В.(НФ),НФ
Крулько И.И.(Бтк),Крулько И.И.(Бтк),Бтк
Пастух Т.Т.(СмПм),Пастух Т.Т.(СмПм),СмПм
Винник И.Ю.(БПП),Винник И.Ю.(БПП),БПП
Рычкова Т.Б.(БПП),Рычкова Т.Б.(БПП),БПП
Тетерук А.А.(НФ),Тетерук А.А.(НФ),НФ
Береза Ю.Н.(НФ),Береза Ю.Н.(НФ),НФ
Юринец О.В.(БПП),Юринец О.В.(БПП),БПП
Мамчур Ю.В.(БПП),Мамчур Ю.В.(БПП),БПП
Савка И.И.(НФ),Савка И.И.(НФ),НФ
Кондратюк Е.К.(Бтк),Кондратюк Е.К.(Бтк),Бтк
Кривошея Г.Г.(НФ),Кривошея Г.Г.(НФ),НФ
Величкович Н.Р.(НФ),Величкович Н.Р.(НФ),НФ
Билозир О.В.(БПП),Билозир О.В.(БПП),БПП
Тимошенко Ю.В.(НФ),Тимошенко Ю.В.(НФ),НФ
Унгурян П.Я.(НФ),Унгурян П.Я.(НФ),НФ
Еленский В.Е.(НФ),Еленский В.Е.(НФ),НФ
Алексеев С.О.(БПП),Алексеев С.О.(БПП),БПП
Алексеев И.С.(НФ),Алексеев И.С.(НФ),НФ
Буглак Ю.А.(БПП),Буглак Ю.А.(БПП),БПП
Карпунцов В.В.(БПП),Карпунцов В.В.(БПП),БПП
Луценко И.В.(Бтк),Луценко И.В.(Бтк),Бтк
Мосийчук И.В.(РпОЛ),Мосийчук И.В.(РпОЛ),РпОЛ
Найєм Мустафа-Масі,Найєм Мустафа-Масі,
Павленко Ю.А.(ОпБл),Павленко Ю.А.(ОпБл),ОпБл
Шахов С.В.(Вл_Нр),Шахов С.В.(Вл_Нр),Вл_Нр
Шипко А.Ф.(Взржд),Шипко А.Ф.(Взржд),Взржд
Шпенов Д.Ю.(ОпБл),Шпенов Д.Ю.(ОпБл),ОпБл
Яницкий В.П.(БПП),Яницкий В.П.(БПП),БПП
Куприенко О.В.(РпОЛ),Куприенко О.В.(РпОЛ),РпОЛ
Силантьев Д.О.(РпОЛ),Силантьев Д.О.(РпОЛ),РпОЛ
Недава О.А.(БПП),Недава О.А.(БПП),БПП
Лубинец Д.В.(БПП),Лубинец Д.В.(БПП),БПП
Ливик А.П.(БПП),Ливик А.П.(БПП),БПП
Розенблат Б.С.(БПП),Розенблат Б.С.(БПП),БПП
Немировский А.В.(БПП),Немировский А.В.(БПП),БПП
Чекита Г.Л.(БПП),Чекита Г.Л.(БПП),БПП
Скуратовский С.И.(РпОЛ),Скуратовский С.И.(РпОЛ),РпОЛ
Войцеховская С.М.(НФ),Войцеховская С.М.(НФ),НФ
Спиваковский А.В.(БПП),Спиваковский А.В.(БПП),БПП
Киссе А.И.(Взржд),Киссе А.И.(Взржд),Взржд
Мацола Р.Н.(БПП),Мацола Р.Н.(БПП),БПП
Макар'ян Давид Борисович,Макар'ян Давид Борисович,
Чепинога В.М.(БПП),Чепинога В.М.(БПП),БПП
Геллер Е.Б.(Взржд),Геллер Е.Б.(Взржд),Взржд
Вадатурский А.А.(БПП),Вадатурский А.А.(БПП),БПП
Дзюблик П.В.(НФ),Дзюблик П.В.(НФ),НФ
Кобцев М.В.(БПП),Кобцев М.В.(БПП),БПП
Валентиров С.В.(БПП),Валентиров С.В.(БПП),БПП
Рудик С.Я.(БПП),Рудик С.Я.(БПП),БПП
Папиев М.Н.(ОпБл),Папиев М.Н.(ОпБл),ОпБл
Киселев А.Н.(ОпБл),Киселев А.Н.(ОпБл),ОпБл
Долженков А.В.(ОпБл),Долженков А.В.(ОпБл),ОпБл
Дубневич Б.В.(БПП),Дубневич Б.В.(БПП),БПП
Побер И.Н.(БПП),Побер И.Н.(БПП),БПП
Белоцерковец Д.А.(БПП),Белоцерковец Д.А.(БПП),БПП
Лещенко С.А.(БПП),Лещенко С.А.(БПП),БПП
Куренной В.К.(БПП),Куренной В.К.(БПП),БПП
Кожем'якін Андрій Анатолійович,Кожем'якін Андрій Анатолійович,
Тимошенко Ю.В.(Бтк),Тимошенко Ю.В.(Бтк),Бтк
Березюк О.Р.(СмПм),Березюк О.Р.(СмПм),СмПм
Сыроед О.И.(Вне_Фр),Сыроед О.И.(Вне_Фр),Вне_Фр
Нечаев А.И.(ОпБл),Нечаев А.И.(ОпБл),ОпБл
Галасюк В.В.(РпОЛ),Галасюк В.В.(РпОЛ),РпОЛ
Хмель М.М.(НФ),Хмель М.М.(НФ),НФ
Дубинин А.И.(Вне_Фр),Дубинин А.И.(Вне_Фр),Вне_Фр
Гиршфельд А.М.(Вл_Нр),Гиршфельд А.М.(Вл_Нр),Вл_Нр
Васюник И.В.(НФ),Васюник И.В.(НФ),НФ
Кужель А.В.(Бтк),Кужель А.В.(Бтк),Бтк
Маткивский Б.М.(Вне_Фр),Маткивский Б.М.(Вне_Фр),Вне_Фр
Сташук В.Ф.(НФ),Сташук В.Ф.(НФ),НФ
Головко М.И.(Вне_Фр),Головко М.И.(Вне_Фр),Вне_Фр
Соловей Ю.И.(БПП),Соловей Ю.И.(БПП),БПП
Мельниченко В.В.(БПП),Мельниченко В.В.(БПП),БПП
Шинькович А.В.(БПП),Шинькович А.В.(БПП),БПП
Чумак В.В.(Вне_Фр),Чумак В.В.(Вне_Фр),Вне_Фр
Новак Н.В.(БПП),Новак Н.В.(БПП),БПП
Пташник В.Ю.(Вне_Фр),Пташник В.Ю.(Вне_Фр),Вне_Фр
Левченко Ю.В.(Вне_Фр),Левченко Ю.В.(Вне_Фр),Вне_Фр
Ильенко А.Ю.(Вне_Фр),Ильенко А.Ю.(Вне_Фр),Вне_Фр
Осуховский О.И.(Вне_Фр),Осуховский О.И.(Вне_Фр),Вне_Фр
Семенуха Р.С.(СмПм),Семенуха Р.С.(СмПм),СмПм
Безбах Я.Я.(Вне_Фр),Безбах Я.Я.(Вне_Фр),Вне_Фр
Барвиненко В.Д.(Взржд),Барвиненко В.Д.(Взржд),Взржд
Дейдей Е.С.(НФ),Дейдей Е.С.(НФ),НФ
Мирошниченко Ю.Р.(ОпБл),Мирошниченко Ю.Р.(ОпБл),ОпБл
Мисик В.Ю.(Взржд),Мисик В.Ю.(Взржд),Взржд
Бухарев В.В.(Бтк),Бухарев В.В.(Бтк),Бтк
Южанина Н.П.(БПП),Южанина Н.П.(БПП),БПП
Евлахов А.С.(БПП),Евлахов А.С.(БПП),БПП
Лаврик Н.И.(БПП),Лаврик Н.И.(БПП),БПП
Мирошниченко И.В.(СмПм),Мирошниченко И.В.(СмПм),СмПм
Беловол А.Н.(Взржд),Беловол А.Н.(Взржд),Взржд
Березкин С.С.(Взржд),Березкин С.С.(Взржд),Взржд
Кулинич О.И.(Взржд),Кулинич О.И.(Взржд),Взржд
Констанкевич И.М.(Вне_Фр),Констанкевич И.М.(Вне_Фр),Вне_Фр
Кремень Т.Д.(НФ),Кремень Т.Д.(НФ),НФ
Кириленко И.Г.(Бтк),Кириленко И.Г.(Бтк),Бтк
Литвин В.М.(Вл_Нр),Литвин В.М.(Вл_Нр),Вл_Нр
Скрипник А.А.(СмПм),Скрипник А.А.(СмПм),СмПм
Поплавский М.М.(Вл_Нр),Поплавский М.М.(Вл_Нр),Вл_Нр
Джемілєв Мустафа,Джемілєв Мустафа,
Власенко С.В.(Бтк),Власенко С.В.(Бтк),Бтк
Подоляк И.И.(СмПм),Подоляк И.И.(СмПм),СмПм
Бакуменко А.Б.(БПП),Бакуменко А.Б.(БПП),БПП
Лабазюк С.П.(Вл_Нр),Лабазюк С.П.(Вл_Нр),Вл_Нр
Кучер Н.И.(БПП),Кучер Н.И.(БПП),БПП
Юрчишин П.В.(БПП),Юрчишин П.В.(БПП),БПП
Тарасюк Б.И.(Бтк),Тарасюк Б.И.(Бтк),Бтк
Залищук С.П.(БПП),Залищук С.П.(БПП),БПП
Присяжнюк А.А.(НФ),Присяжнюк А.А.(НФ),НФ
Тымчук Д.Б.(НФ),Тымчук Д.Б.(НФ),НФ
Кирш А.В.(НФ),Кирш А.В.(НФ),НФ
Логвинский Г.В.(НФ),Логвинский Г.В.(НФ),НФ
Давыденко В.Н.(БПП),Давыденко В.Н.(БПП),БПП
Люшняк Н.В.(БПП),Люшняк Н.В.(БПП),БПП
Хлань С.В.(БПП),Хлань С.В.(БПП),БПП
Заболотный Г.М.(БПП),Заболотный Г.М.(БПП),БПП
Бриченко И.В.(НФ),Бриченко И.В.(НФ),НФ
Кит А.Б.(БПП),Кит А.Б.(БПП),БПП
Петёвка В.В.(Вл_Нр),Петёвка В.В.(Вл_Нр),Вл_Нр
Лунченко В.В.(НФ),Лунченко В.В.(НФ),НФ
Дидыч В.В.(Вне_Фр),Дидыч В.В.(Вне_Фр),Вне_Фр
Мартыняк С.В.(Вл_Нр),Мартыняк С.В.(Вл_Нр),Вл_Нр
Гуляев В.А.(Взржд),Гуляев В.А.(Взржд),Взржд
Романова А.А.(СмПм),Романова А.А.(СмПм),СмПм
Опанасенко А.В.(СмПм),Опанасенко А.В.(СмПм),СмПм
Маркевич Я.В.(СмПм),Маркевич Я.В.(СмПм),СмПм
Диденко И.А.(СмПм),Диденко И.А.(СмПм),СмПм
Шверк Г.А.(БПП),Шверк Г.А.(БПП),БПП
Еднак О.В.(Вне_Фр),Еднак О.В.(Вне_Фр),Вне_Фр
Ледовских Е.В.(НФ),Ледовских Е.В.(НФ),НФ
Гончаренко А.А.(БПП),Гончаренко А.А.(БПП),БПП
Кудлаенко С.В.(БПП),Кудлаенко С.В.(БПП),БПП
Курило В.С.(БПП),Курило В.С.(БПП),БПП
Река А.А.(НФ),Река А.А.(НФ),НФ
Бублик Ю.В.(Вне_Фр),Бублик Ю.В.(Вне_Фр),Вне_Фр
Дехтярчук А.В.(БПП),Дехтярчук А.В.(БПП),БПП
Федорук Н.Т.(НФ),Федорук Н.Т.(НФ),НФ
Зубач Л.Л.(СмПм),Зубач Л.Л.(СмПм),СмПм
Бойко Е.П.(НФ),Бойко Е.П.(НФ),НФ
Соляр В.М.(НФ),Соляр В.М.(НФ),НФ
Бабак А.В.(СмПм),Бабак А.В.(СмПм),СмПм
Андриевский Д.И.(БПП),Андриевский Д.И.(БПП),БПП
Кодола А.М.(НФ),Кодола А.М.(НФ),НФ
Гальченко А.В.(ОпБл),Гальченко А.В.(ОпБл),ОпБл
Ревега А.В.(БПП),Ревега А.В.(БПП),БПП
Кривенко В.Н.(БПП),Кривенко В.Н.(БПП),БПП
Лозовой А.С.(РпОЛ),Лозовой А.С.(РпОЛ),РпОЛ
Грынив И.А.(БПП),Грынив И.А.(БПП),БПП
Палатный А.Л.(БПП),Палатный А.Л.(БПП),БПП
Амельченко В.В.(РпОЛ),Амельченко В.В.(РпОЛ),РпОЛ
Кадыкало Н.О.(НФ),Кадыкало Н.О.(НФ),НФ
Лесюк Я.В.(БПП),Лесюк Я.В.(БПП),БПП
Голуб В.В.(Вне_Фр),Голуб В.В.(Вне_Фр),Вне_Фр
Добродомов Д.Е.(Вне_Фр),Добродомов Д.Е.(Вне_Фр),Вне_Фр
Линько Д.В.(РпОЛ),Линько Д.В.(РпОЛ),РпОЛ
Чижмарь Ю.В.(РпОЛ),Чижмарь Ю.В.(РпОЛ),РпОЛ
Вознюк Ю.В.(НФ),Вознюк Ю.В.(НФ),НФ
Паламарчук Н.П.(БПП),Паламарчук Н.П.(БПП),БПП
Мусий О.С.(Вне_Фр),Мусий О.С.(Вне_Фр),Вне_Фр
Кишкар П.Н.(БПП),Кишкар П.Н.(БПП),БПП
Рыбак И.П.(БПП),Рыбак И.П.(БПП),БПП
Демчак Р.Е.(БПП),Демчак Р.Е.(БПП),БПП
Бабий Ю.Ю.(НФ),Бабий Ю.Ю.(НФ),НФ
Соболев Е.В.(СмПм),Соболев Е.В.(СмПм),СмПм
Соболев С.В.(Бтк),Соболев С.В.(Бтк),Бтк
Князевич Р.П.(БПП),Князевич Р.П.(БПП),БПП
Немыря Г.М.(Бтк),Немыря Г.М.(Бтк),Бтк
Брензович В.И.(БПП),Брензович В.И.(БПП),БПП
Масорина Е.С.(НФ),Масорина Е.С.(НФ),НФ
Высоцкий С.В.(НФ),Высоцкий С.В.(НФ),НФ
Романюк В.Н.(НФ),Романюк В.Н.(НФ),НФ
Помазанов А.В.(НФ),Помазанов А.В.(НФ),НФ
Пидберезняк В.И.(НФ),Пидберезняк В.И.(НФ),НФ
Великин О.М.(БПП),Великин О.М.(БПП),БПП
Скорик Н.Л.(ОпБл),Скорик Н.Л.(ОпБл),ОпБл
Мирный И.Н.(ОпБл),Мирный И.Н.(ОпБл),ОпБл
Лапин И.А.(НФ),Лапин И.А.(НФ),НФ
Кривенко В.В.(НФ),Кривенко В.В.(НФ),НФ
Ксенжук А.С.(НФ),Ксенжук А.С.(НФ),НФ
Драюк С.Е.(НФ),Драюк С.Е.(НФ),НФ
Ильюк А.А.(Взржд),Ильюк А.А.(Взржд),Взржд
Сидорчук В.В.(НФ),Сидорчук В.В.(НФ),НФ
Веселова Н.В.(СмПм),Веселова Н.В.(СмПм),СмПм
Данилин В.Ю.(НФ),Данилин В.Ю.(НФ),НФ
Яценко А.В.(Взржд),Яценко А.В.(Взржд),Взржд
Козаченко Л.П.(БПП),Козаченко Л.П.(БПП),БПП
Балицкий Е.В.(ОпБл),Балицкий Е.В.(ОпБл),ОпБл
Севрюков В.В.(БПП),Севрюков В.В.(БПП),БПП
Стеценко Д.А.(НФ),Стеценко Д.А.(НФ),НФ
Червакова О.В.(БПП),Червакова О.В.(БПП),БПП
Жолобецкий А.А.(БПП),Жолобецкий А.А.(БПП),БПП
Король В.Н.(БПП),Король В.Н.(БПП),БПП
Мушак А.П.(БПП),Мушак А.П.(БПП),БПП
Сидорович Р.М.(СмПм),Сидорович Р.М.(СмПм),СмПм
Хомутынник В.Ю.(Взржд),Хомутынник В.Ю.(Взржд),Взржд
Москаленко Я.Н.(Вл_Нр),Москаленко Я.Н.(Вл_Нр),Вл_Нр
Пашинский С.В.(НФ),Пашинский С.В.(НФ),НФ
Черновол Т.Н.(НФ),Черновол Т.Н.(НФ),НФ
Левус Андрій Мар'янович,Левус Андрій Мар'янович,
Бобов Г.Б.(Взржд),Бобов Г.Б.(Взржд),Взржд
Негой Ф.Ф.(БПП),Негой Ф.Ф.(БПП),БПП
Кузьменко А.И.(БПП),Кузьменко А.И.(БПП),БПП
Козырь Б.Ю.(БПП),Козырь Б.Ю.(БПП),БПП
Сысоенко И.В.(СмПм),Сысоенко И.В.(СмПм),СмПм
Кириченко А.Н.(РпОЛ),Кириченко А.Н.(РпОЛ),РпОЛ
Ярынич К.В.(БПП),Ярынич К.В.(БПП),БПП
Березенко С.И.(БПП),Березенко С.И.(БПП),БПП
Новинский В.В.(ОпБл),Новинский В.В.(ОпБл),ОпБл
Бондарь В.В.(Взржд),Бондарь В.В.(Взржд),Взржд
Развадовский В.И.(Взржд),Развадовский В.И.(Взржд),Взржд
Курячий М.П.(БПП),Курячий М.П.(БПП),БПП
Порошенко А.П.(БПП),Порошенко А.П.(БПП),БПП
Горват Р.И.(БПП),Горват Р.И.(БПП),БПП
Крышин О.Ю.(НФ),Крышин О.Ю.(НФ),НФ
Ефимов М.В.(БПП),Ефимов М.В.(БПП),БПП
Романовский А.В.(НФ),Романовский А.В.(НФ),НФ
Фролов Н.А.(БПП),Фролов Н.А.(БПП),БПП
Сольвар Р.Н.(БПП),Сольвар Р.Н.(БПП),БПП
Вилкул А.Ю.(ОпБл),Вилкул А.Ю.(ОпБл),ОпБл
Бойко Ю.А.(ОпБл),Бойко Ю.А.(ОпБл),ОпБл
Нимченко В.И.(ОпБл),Нимченко В.И.(ОпБл),ОпБл
Шуфрич Н.И.(ОпБл),Шуфрич Н.И.(ОпБл),ОпБл
Иоффе Ю.Я.(ОпБл),Иоффе Ю.Я.(ОпБл),ОпБл
Дунаев С.В.(ОпБл),Дунаев С.В.(ОпБл),ОпБл
Богдан Р.Д.(Бтк),Богдан Р.Д.(Бтк),Бтк
Богомолец О.В.(БПП),Богомолец О.В.(БПП),БПП
Романюк Р.С.(БПП),Романюк Р.С.(БПП),БПП
Бахтеева Т.Д.(ОпБл),Бахтеева Т.Д.(ОпБл),ОпБл
Матвийчук Э.Л.(Вне_Фр),Матвийчук Э.Л.(Вне_Фр),Вне_Фр
Медуница О.В.(НФ),Медуница О.В.(НФ),НФ
Заставный Р.И.(НФ),Заставный Р.И.(НФ),НФ
Барна О.С.(БПП),Барна О.С.(БПП),БПП
Котвицкий И.А.(НФ),Котвицкий И.А.(НФ),НФ
Дырив А.Б.(НФ),Дырив А.Б.(НФ),НФ
Лаврик О.В.(СмПм),Лаврик О.В.(СмПм),СмПм
Журжий А.В.(СмПм),Журжий А.В.(СмПм),СмПм
Семенченко С.И.(СмПм),Семенченко С.И.(СмПм),СмПм
Парасюк В.З.(Вне_Фр),Парасюк В.З.(Вне_Фр),Вне_Фр
Дубневич Я.В.(БПП),Дубневич Я.В.(БПП),БПП
Артюшенко И.А.(БПП),Артюшенко И.А.(БПП),БПП
Костенко П.П.(СмПм),Костенко П.П.(СмПм),СмПм
Тимиш Г.И.(БПП),Тимиш Г.И.(БПП),БПП
Кацер-Бучковская Н.В.(НФ),Кацер-Бучковская Н.В.(НФ),НФ
Мельничук С.П.(Вл_Нр),Мельничук С.П.(Вл_Нр),Вл_Нр
Колганова Е.В.(НФ),Колганова Е.В.(НФ),НФ
Куницын С.В.(БПП),Куницын С.В.(БПП),БПП
Матузко Е.А.(БПП),Матузко Е.А.(БПП),БПП
Марченко А.А.(Вне_Фр),Марченко А.А.(Вне_Фр),Вне_Фр
Данченко А.И.(СмПм),Данченко А.И.(СмПм),СмПм
Мороко Ю.Н.(ОпБл),Мороко Ю.Н.(ОпБл),ОпБл
Спорыш И.Д.(БПП),Спорыш И.Д.(БПП),БПП
Климпуш-Цинцадзе И.О.(БПП),Климпуш-Цинцадзе И.О.(БПП),БПП
Колесников Д.В.(ОпБл),Колесников Д.В.(ОпБл),ОпБл
Шенцев Д.А.(ОпБл),Шенцев Д.А.(ОпБл),ОпБл
Лук'янчук Руслан Валерійович,Лук'янчук Руслан Валерійович,
Бабенко В.Б.(НФ),Бабенко В.Б.(НФ),НФ
Герега А.В.(Вне_Фр),Герега А.В.(Вне_Фр),Вне_Фр
Ищенко В.А.(БПП),Ищенко В.А.(БПП),БПП
Гусак В.Г.(ОпБл),Гусак В.Г.(ОпБл),ОпБл
Пономарев А.С.(Вл_Нр),Пономарев А.С.(Вл_Нр),Вл_Нр
Рыбалка С.В.(РпОЛ),Рыбалка С.В.(РпОЛ),РпОЛ
Дмитренко О.Н.(БПП),Дмитренко О.Н.(БПП),БПП
Едаков Я.Ю.(НФ),Едаков Я.Ю.(НФ),НФ
Пинзеник П.В.(НФ),Пинзеник П.В.(НФ),НФ
Арешонков В.Ю.(БПП),Арешонков В.Ю.(БПП),БПП
Шурма И.М.(ОпБл),Шурма И.М.(ОпБл),ОпБл
Кононенко И.В.(БПП),Кононенко И.В.(БПП),БПП
Гудзенко В.И.(БПП),Гудзенко В.И.(БПП),БПП
Супруненко А.И.(Вне_Фр),Супруненко А.И.(Вне_Фр),Вне_Фр
Денисенко А.С.(Вне_Фр),Денисенко А.С.(Вне_Фр),Вне_Фр
Дубіль Валерій Олександрович,Дубіль Валерій Олександрович,
Денисенко А.П.(Вне_Фр),Денисенко А.П.(Вне_Фр),Вне_Фр
Ленский А.А.(РпОЛ),Ленский А.А.(РпОЛ),РпОЛ
Абдуллин А.Р.(Бтк),Абдуллин А.Р.(Бтк),Бтк
Куприй В.Н.(Вне_Фр),Куприй В.Н.(Вне_Фр),Вне_Фр
Мельничук И.И.(БПП),Мельничук И.И.(БПП),БПП
Голубов Д.И.(БПП),Голубов Д.И.(БПП),БПП
Остапчук В.Н.(Взржд),Остапчук В.Н.(Взржд),Взржд
Зубик В.В.(Взржд),Зубик В.В.(Взржд),Взржд
Ковальчук Н.В.(БПП),Ковальчук Н.В.(БПП),БПП
Донец Т.А.(НФ),Донец Т.А.(НФ),НФ
Антонищак А.Ф.(БПП),Антонищак А.Ф.(БПП),БПП
Савчук Ю.П.(НФ),Савчук Ю.П.(НФ),НФ
Витко А.Л.(РпОЛ),Витко А.Л.(РпОЛ),РпОЛ
Довбенко М.В.(БПП),Довбенко М.В.(БПП),БПП
Матвиенко А.С.(БПП),Матвиенко А.С.(БПП),БПП
Павелко А.В.(БПП),Павелко А.В.(БПП),БПП
Мельник С.И.(БПП),Мельник С.И.(БПП),БПП
Бендюженко Ф.В.(НФ),Бендюженко Ф.В.(НФ),НФ
Юрык Т.З.(БПП),Юрык Т.З.(БПП),БПП
Сажко С.Н.(ОпБл),Сажко С.Н.(ОпБл),ОпБл
Мепаришвили Х.Н.(НФ),Мепаришвили Х.Н.(НФ),НФ
Куличенко И.И.(БПП),Куличенко И.И.(БПП),БПП
Ткачук Г.В.(БПП),Ткачук Г.В.(БПП),БПП
Грановский А.М.(БПП),Грановский А.М.(БПП),БПП
Иванчук А.В.(НФ),Иванчук А.В.(НФ),НФ
Воропаев Ю.Н.(ОпБл),Воропаев Ю.Н.(ОпБл),ОпБл
Кошелева А.В.(РпОЛ),Кошелева А.В.(РпОЛ),РпОЛ
Фаермарк С.А.(НФ),Фаермарк С.А.(НФ),НФ
Довгий О.С.(Вл_Нр),Довгий О.С.(Вл_Нр),Вл_Нр
Ризаненко П.А.(БПП),Ризаненко П.А.(БПП),БПП
Павлов К.Ю.(ОпБл),Павлов К.Ю.(ОпБл),ОпБл
Корчик В.А.(НФ),Корчик В.А.(НФ),НФ
Каплин С.Н.(БПП),Каплин С.Н.(БПП),БПП
Сугоняко А.Л.(БПП),Сугоняко А.Л.(БПП),БПП
Матиос М.В.(БПП),Матиос М.В.(БПП),БПП
Ефремова И.А.(НФ),Ефремова И.А.(НФ),НФ
Онуфрик Б.С.(БПП),Онуфрик Б.С.(БПП),БПП
Фриз И.В.(БПП),Фриз И.В.(БПП),БПП
Дроздик А.В.(НФ),Дроздик А.В.(НФ),НФ
Королевская Н.Ю.(ОпБл),Королевская Н.Ю.(ОпБл),ОпБл
Поляков М.А.(НФ),Поляков М.А.(НФ),НФ
Дзензерский Д.В.(НФ),Дзензерский Д.В.(НФ),НФ
Мартовицкий А.В.(ОпБл),Мартовицкий А.В.(ОпБл),ОпБл
Нестеренко В.Г.(БПП),Нестеренко В.Г.(БПП),БПП
Деркач А.Л.(Вне_Фр),Деркач А.Л.(Вне_Фр),Вне_Фр
Дерев'янко Юрій Богданович,Дерев'янко Юрій Богданович,
Мищенко С.Г.(Вне_Фр),Мищенко С.Г.(Вне_Фр),Вне_Фр
Тарута С.А.(Вне_Фр),Тарута С.А.(Вне_Фр),Вне_Фр
Юзькова Т.Л.(РпОЛ),Юзькова Т.Л.(РпОЛ),РпОЛ
Ивахив С.П.(Вл_Нр),Ивахив С.П.(Вл_Нр),Вл_Нр
Матейченко К.В.(НФ),Матейченко К.В.(НФ),НФ
Урбанский А.И.(БПП),Урбанский А.И.(БПП),БПП
Усов К.Г.(БПП),Усов К.Г.(БПП),БПП
Ларин С.Н.(ОпБл),Ларин С.Н.(ОпБл),ОпБл
Семерак О.М.(НФ),Семерак О.М.(НФ),НФ
Гвоздев М.А.(БПП),Гвоздев М.А.(БПП),БПП
Гордеев А.А.(БПП),Гордеев А.А.(БПП),БПП
Левочкина Ю.В.(ОпБл),Левочкина Ю.В.(ОпБл),ОпБл
Кивалов С.В.(ОпБл),Кивалов С.В.(ОпБл),ОпБл
Гарбуз Ю.Г.(БПП),Гарбуз Ю.Г.(БПП),БПП
Корнацкий А.А.(БПП),Корнацкий А.А.(БПП),БПП
Кривохатько В.В.(БПП),Кривохатько В.В.(БПП),БПП
Пацкан В.В.(БПП),Пацкан В.В.(БПП),БПП
Пинзеник В.М.(БПП),Пинзеник В.М.(БПП),БПП
Фирсов Е.П.(Вне_Фр),Фирсов Е.П.(Вне_Фр),Вне_Фр
Попов И.В.(РпОЛ),Попов И.В.(РпОЛ),РпОЛ
Филатов Б.А.(Вне_Фр),Филатов Б.А.(Вне_Фр),Вне_Фр
Томенко Н.В.(Вне_Фр),Томенко Н.В.(Вне_Фр),Вне_Фр
Ничипоренко В.Н.(Взржд),Ничипоренко В.Н.(Взржд),Взржд
Одарченко Ю.В.(Бтк),Одарченко Ю.В.(Бтк),Бтк
Пресман А.С.(Взржд),Пресман А.С.(Взржд),Взржд
Климов Л.М.(Взржд),Климов Л.М.(Взржд),Взржд
Матвиенков С.А.(ОпБл),Матвиенков С.А.(ОпБл),ОпБл
Сабашук П.П.(БПП),Сабашук П.П.(БПП),БПП
Македон Ю.Н.(БПП),Македон Ю.Н.(БПП),БПП
Солод Ю.В.(ОпБл),Солод Ю.В.(ОпБл),ОпБл
Фельдман А.Б.(Вл_Нр),Фельдман А.Б.(Вл_Нр),Вл_Нр
Фурсин И.Г.(Вл_Нр),Фурсин И.Г.(Вл_Нр),Вл_Нр
Балога И.И.(Вне_Фр),Балога И.И.(Вне_Фр),Вне_Фр
Шаповалов Ю.А.(Вне_Фр),Шаповалов Ю.А.(Вне_Фр),Вне_Фр
Белый А.П.(ОпБл),Белый А.П.(ОпБл),ОпБл
Денисова Л.Л.(НФ),Денисова Л.Л.(НФ),НФ
Ланьо М.И.(Взржд),Ланьо М.И.(Взржд),Взржд
Еремеев И.М.(ВлНр),Еремеев И.М.(ВлНр),ВлНр
Левочкин С.В.(ОпБл),Левочкин С.В.(ОпБл),ОпБл
Бакулин Е.Н.(ОпБл),Бакулин Е.Н.(ОпБл),ОпБл
Гриневич Л.М.(НФ),Гриневич Л.М.(НФ),НФ
Жеваго К.В.(Вне_Фр),Жеваго К.В.(Вне_Фр),Вне_Фр
Савченко А.Ю.(БПП),Савченко А.Ю.(БПП),БПП
Козак Т.Р.(ОпБл),Козак Т.Р.(ОпБл),ОпБл
Савченко Н.В.(Вне_Фр),Савченко Н.В.(Вне_Фр),Вне_Фр
Сторожук Д.А.(НФ),Сторожук Д.А.(НФ),НФ
Артеменко А.В.(РпОЛ),Артеменко А.В.(РпОЛ),РпОЛ
Шкиря И.Н.(Взржд),Шкиря И.Н.(Взржд),Взржд
Кутовой Т.В.(БПП),Кутовой Т.В.(БПП),БПП
Ванат П.М.(НФ),Ванат П.М.(НФ),НФ
Онищенко А.Р.(Вл_Нр),Онищенко А.Р.(Вл_Нр),Вл_Нр
Богуслаев В.А.(Вл_Нр),Богуслаев В.А.(Вл_Нр),Вл_Нр
Ярош Д.А.(Вне_Фр),Ярош Д.А.(Вне_Фр),Вне_Фр
Гройсман В.Б.(Вне_Фр),Гройсман В.Б.(Вне_Фр),Вне_Фр
Насалик И.С.(БПП),Насалик И.С.(БПП),БПП
Атрошенко В.А.(Вне_Фр),Атрошенко В.А.(Вне_Фр),Вне_Фр
Тригубенко С.Н.(БПП),Тригубенко С.Н.(БПП),БПП
Луценко Ю.В.(БПП),Луценко Ю.В.(БПП),БПП
Добкин М.М.(ОпБл),Добкин М.М.(ОпБл),ОпБл
Кубив С.И.(БПП),Кубив С.И.(БПП),БПП
Рабинович В.З.(ОпБл),Рабинович В.З.(ОпБл),ОпБл
Константиновский В.Л.(Вне_Фр),Константиновский В.Л.(Вне_Фр),Вне_Фр
Балога В.И.(Вне_Фр),Балога В.И.(Вне_Фр),Вне_Фр
Балога П.И.(Вне_Фр),Балога П.И.(Вне_Фр),Вне_Фр
Розенко П.В.(БПП),Розенко П.В.(БПП),БПП
Мураев Е.В.(ОпБл),Мураев Е.В.(ОпБл),ОпБл
Мартыненко Н.В.(НФ),Мартыненко Н.В.(НФ),НФ
Кацуба В.М.(Взржд),Кацуба В.М.(Взржд),Взржд
Насиров Р.М.(БПП),Насиров Р.М.(БПП),БПП
Огевич З.Л.(РпОЛ),Огевич З.Л.(РпОЛ),РпОЛ
Мирошник А.Н.(СмПм),Мирошник А.Н.(СмПм),СмПм
Павленко Р.Н.(БПП),Павленко Р.Н.(БПП),БПП
Турчинов А.В.(НФ),Турчинов А.В.(НФ),НФ
